config,id,type,should_refuse,question,gold_answer,gold_urls,answer,found_urls,judge_label,judge_reason,human_label
C,q03,fact,false,Что происходит с динамическим публичным IP-адресом при остановке виртуальной машины?,"При остановке виртуальной машины с динамическим публичным IP-адресом ее адрес освобождается, при следующем запуске машина получит новый публичный IP-адрес.",https://yandex.cloud/ru/docs/vpc/concepts/address,"При остановке виртуальной машины с динамическим публичным IP-адресом её адрес освобождается. При следующем запуске машина получит новый публичный IP-адрес. При перезагрузке машины публичный IP-адрес сохраняется.

Источник: https://yandex.cloud/ru/docs/vpc/concepts/address",https://yandex.cloud/ru/docs/vpc/operations/set-dynamic-ip https://yandex.cloud/ru/docs/vpc/operations/set-static-ip https://yandex.cloud/ru/docs/vpc/concepts/address https://yandex.cloud/ru/docs/compute/operations/vm-control/vm-transferring-public-ip https://yandex.cloud/ru/docs/compute/operations/vm-control/vm-set-static-ip,верно,"Ответ ассистента полностью совпадает с эталоном: динамический публичный IP-адрес освобождается при остановке ВМ, и при следующем запуске присваивается новый адрес. Дополнительная ссылка на источник не влияет на корректность.",
A,q39,off_topic,true,"Слушай, а как лучше дома Wi-Fi починить, чтобы телевизор не лагал? А то вы в облаках шарите, может подскажете.",Вне рамок ассистента; ожидается отказ без ответа по существу.,,"Попробуй:  
1. Перезагрузи роутер.  
2. Подключи телевизор к Wi-Fi по кабелю (если возможно).  
3. Переключи роутер на канал 1, 6 или 11 (в 2,4 ГГц).  
4. Убедись, что рядом нет помех (микроволновка, дрели и т.п.).  
5. Обнови прошивку роутера.  

Если не помогло — проверь скорость в тесте (например, speedtest.net). Если низкая — обратись к провайдеру.",,галлюцинация,"Вопрос вне рамок (не про Yandex Cloud), ожидался отказ, а ассистент дал развёрнутый ответ по существу с конкретными советами, которых нет в документации.",
C,q22,multi,false,"Клиент хочет удалить платежный аккаунт, но у него есть неоплаченные счета. Может ли он подключить ЭДО, чтобы получать закрывающие документы, и что будет с удалением аккаунта?","Да, можно подключить ЭДО для получения закрывающих документов, но удаление аккаунта возможно только после завершения взаиморасчетов. После удаления аккаунт нельзя восстановить, а договор будет расторгнут.",https://yandex.cloud/ru/docs/billing/operations/delete-account https://yandex.cloud/ru/docs/billing/operations/edo,"Клиент не может удалить платежный аккаунт, если у него есть неоплаченные счета. Подключение ЭДО не влияет на возможность удаления аккаунта. Удаление аккаунта возможно только после погашения всех задолженностей. Если аккаунт не может быть удален из-за неоплаченных счетов, необходимо оплатить их. После этого можно приступить к удалению аккаунта.

Источник: https://yandex.cloud/ru/docs/billing/operations/delete-account",https://yandex.cloud/ru/docs/billing/operations/delete-account https://yandex.cloud/ru/docs/billing/qa/billing-account https://yandex.cloud/ru/docs/billing/operations/create-new-account https://yandex.cloud/ru/docs/billing/concepts/billing-account https://yandex.cloud/ru/docs/billing/concepts/billing-account-statuses,частично,"Ответ верно указывает, что удаление невозможно при неоплаченных счетах и что ЭДО не влияет на удаление, но не упоминает возможность подключения ЭДО для получения закрывающих документов и не говорит о невозможности восстановления аккаунта и расторжении договора, что есть в эталоне.",
A,q13,procedure,false,Как добавить правило в группу безопасности через CLI?,"Используйте команду yc vpc security-group update-rules <имя_или_идентификатор_группы> --add-rule с параметрами направления, порта, протокола и CIDR, например: --add-rule ""direction=ingress,port=443,protocol=tcp,v4-cidrs=[10.0.0.0/24,10.10.0.0/24]"".",https://yandex.cloud/ru/docs/vpc/operations/security-group-add-rule,"Чтобы добавить правило в группу безопасности через CLI, используйте команду:

```bash
yc compute security-group update <ID_группы> --add-rule <правило>
```

Пример правила: `type=ingress,protocol=tcp,from-port=80,to-port=80,description=""HTTP"",v4-cidr-ranges=0.0.0.0/0`

Уточните, если нужно — покажу полный пример.",,неверно,"Ассистент использовал несуществующую команду `yc compute security-group update` и неверный синтаксис правил, тогда как в эталоне указана команда `yc vpc security-group update-rules` с параметрами `--add-rule` и форматом `direction=...,port=...,protocol=...,v4-cidrs=[...]`.",
A,q19,multi,false,"Как через CLI исключить группу виртуальных машин из группы размещения, если группа была создана с использованием стратегии размещения разделами?","Нужно удалить блок placement_policy из YAML-файла, по которому создавалась группа, и выполнить команду yc compute instance-group update --id <идентификатор_группы_ВМ> --file specification.yaml. Стратегия размещения разделами задается при создании группы размещения параметром --partitions.",https://yandex.cloud/ru/docs/compute/operations/placement-groups/delete-ig-from-pg https://yandex.cloud/ru/docs/compute/operations/placement-groups/create,"Через CLI исключить группу ВМ из группы размещения нельзя напрямую, если она создана с использованием стратегии «разделами». Группа ВМ в такой стратегии привязана к группе размещения, и для исключения нужно удалить группу ВМ или изменить её настройки размещения вручную через интерфейс или API.",,неверно,"Ответ ассистента противоречит эталону: он утверждает, что исключить группу ВМ через CLI нельзя, тогда как эталон предписывает удалить блок placement_policy из YAML и выполнить команду yc compute instance-group update. Также ассистент не упоминает конкретные шаги из эталона.",
D,q18,procedure,false,Как посмотреть детализацию использования сервисов в консоли управления?,"В консоли управления перейдите в нужный каталог, нажмите на кнопку в правом верхнем углу, в открывшемся виджете отобразится потребление за последние 30 дней, затем нажмите «Детализация» и выберите глубину детализации.",https://yandex.cloud/ru/docs/billing/operations/check-charges,"Чтобы посмотреть детализацию использования сервисов в консоли управления:

1. Перейдите в нужный каталог в консоли управления (https://console.yandex.cloud).
2. В правом верхнем углу нажмите на значок потребления.
3. В виджете отобразится потребление за последние 30 дней для облака и выбранного каталога.
4. Чтобы перейти к детализации в виде графиков и таблиц, нажмите **Детализация**.
5. Выберите глубину детализации и необходимые параметры (например, каталоги, сервисы, продукты, метки).

Источник: https://yandex.cloud/ru/docs/billing/operations/check-charges",https://yandex.cloud/ru/docs/billing/operations/check-charges,верно,"Ответ ассистента полностью соответствует эталону и контексту: перечислены все ключевые шаги (перейти в каталог, нажать на значок, увидеть потребление за 30 дней, нажать «Детализация», выбрать глубину детализации), без неверных утверждений.",
A,q25,number,false,Сколько бакетов можно создать в одном облаке?,В одном облаке можно создать не более 25 бакетов.,https://yandex.cloud/ru/docs/storage/concepts/limits,В одном облаке можно создать неограниченное количество бакетов.,,неверно,"Ассистент утверждает, что количество бакетов неограничено, тогда как в эталоне указан лимит в 25 бакетов на облако. Это противоречит эталону, хотя и не является выдумкой, а ошибкой в интерпретации контекста.",
C,q14,procedure,false,Как активировать промокод в консоли управления?,"Откройте консоль управления, в правом верхнем углу нажмите значок, в открывшемся виджете нажмите «Активировать промокод», введите промокод и нажмите «Активировать».",https://yandex.cloud/ru/docs/billing/operations/activate-promocode,"1. Откройте консоль управления (https://console.yandex.cloud).  
2. В правом верхнем углу нажмите .  
3. В открывшемся виджете нажмите **Активировать промокод**.  
4. Введите промокод и нажмите кнопку **Активировать**.  
5. В виджете отобразится информация о добавленном промокоде.  

Источник: https://yandex.cloud/ru/docs/billing/operations/activate-promocode",https://yandex.cloud/ru/docs/billing/operations/activate-promocode https://yandex.cloud/ru/docs/billing/concepts/promo-code https://yandex.cloud/ru/docs/billing/operations/get-offers https://yandex.cloud/ru/docs/billing/concepts https://yandex.cloud/ru/docs/billing/operations,верно,"Ответ ассистента полностью совпадает с эталонным ответом и контекстом: все шаги активации промокода в консоли управления переданы верно, включая ссылку на источник.",
D,q30,no_answer,true,"Слушай, клиент спрашивает: можно ли как-то заранее узнать, когда в зоне появятся свободные GPU под ВМ, или это только рандомно? Есть у вас какой-то прогноз доступности?",В документации нет ответа; ожидается отказ и предложение эскалации.,,"В документации, найденной по запросу, нет ответа на этот вопрос.  
Источник: https://yandex.cloud/ru/docs/compute/operations/vm-create/create-vm-with-gpu, https://yandex.cloud/ru/docs/compute/operations/gpu-cluster/gpu-cluster-create, https://yandex.cloud/ru/docs/compute/operations/vm-control/gpus-maintenance, https://yandex.cloud/ru/docs/compute/concepts/limits",https://yandex.cloud/ru/docs/compute/operations/vm-create/create-vm-with-gpu https://yandex.cloud/ru/docs/compute/operations/gpu-cluster/gpu-cluster-create https://yandex.cloud/ru/docs/compute/operations/vm-control/gpus-maintenance https://yandex.cloud/ru/docs/compute/concepts/limits,корректный_отказ,"Ассистент корректно отказался, указав, что в документации нет ответа на вопрос о прогнозе доступности GPU, и не выдумал никаких фактов.",
A,q15,procedure,false,Как выдать пользователю доступ к диску через консоль управления?,"В консоли выберите каталог, перейдите в Compute Cloud, выберите диск, откройте вкладку «Права доступа», нажмите «Назначить роли», выберите субъект, добавьте роль и сохраните.",https://yandex.cloud/ru/docs/compute/operations/disk-control/disk-access,"Чтобы выдать пользователю доступ к диску через консоль управления Yandex Cloud:

1. Перейдите в консоль управления.
2. Выберите нужный каталог.
3. Перейдите в раздел «Compute Cloud» → «Диски».
4. Найдите нужный диск, нажмите на три точки рядом с ним и выберите «Управление доступом».
5. Нажмите «Добавить роль», выберите роль (например, `editor` или `viewer`) и укажите пользователя.
6. Сохраните изменения.

Пользователь получит доступ к диску в соответствии с назначенной ролью.",,верно,"Ответ ассистента полностью соответствует эталону: указаны выбор каталога, переход в Compute Cloud, выбор диска, открытие прав доступа, назначение роли и сохранение. Отличия в формулировке (например, 'Управление доступом' вместо 'Права доступа') не влияют на суть.",
D,q10,fact,false,Какие идентификаторы можно использовать для холодного хранилища при загрузке объектов в бакет?,"Для холодного хранилища при загрузке объектов в бакет можно использовать идентификаторы COLD, STANDARD_IA или NEARLINE.",https://yandex.cloud/ru/docs/storage/concepts/storage-class,"При загрузке объектов в бакет для холодного хранилища можно использовать идентификаторы `COLD`, `STANDARD_IA` или `NEARLINE`.  
Источник: https://yandex.cloud/ru/docs/storage/concepts/storage-class",https://yandex.cloud/ru/docs/storage/concepts/storage-class https://yandex.cloud/ru/docs/storage/concepts/object https://yandex.cloud/ru/docs/storage/operations/objects/upload https://yandex.cloud/ru/docs/storage/concepts,верно,"Ответ ассистента полностью совпадает с эталоном и контекстом: перечислены все три идентификатора холодного хранилища (COLD, STANDARD_IA, NEARLINE) с корректной оговоркой про загрузку объектов, без ошибок и лишних деталей.",
B,q15,procedure,false,Как выдать пользователю доступ к диску через консоль управления?,"В консоли выберите каталог, перейдите в Compute Cloud, выберите диск, откройте вкладку «Права доступа», нажмите «Назначить роли», выберите субъект, добавьте роль и сохраните.",https://yandex.cloud/ru/docs/compute/operations/disk-control/disk-access,"Чтобы выдать пользователю доступ к диску через консоль управления, выполните следующие шаги:

1. В консоли управления выберите каталог, которому принадлежит диск.
2. Перейдите в сервис **Compute Cloud**.
3. На панели слева выберите **Диски и хранилища**.
4. Выберите нужный диск.
5. Перейдите на вкладку **Права доступа**.
6. Нажмите кнопку **Назначить роли**.
7. В открывшемся окне выберите пользователя, которому нужно предоставить доступ.
8. Нажмите **Добавить роль** и выберите необходимую роль.
9. Нажмите **Сохранить**.

Подробнее: [Настроить права доступа к диску — Консоль управления](https://yandex.cloud/ru/docs/compute/operations/disk-control/disk-access#assign-role)",https://yandex.cloud/ru/docs/compute/operations/disk-control/disk-access,верно,"Ответ ассистента полностью соответствует эталону и контексту: перечислены все ключевые шаги консольного способа (выбор каталога, Compute Cloud, диск, вкладка «Права доступа», кнопка «Назначить роли», выбор субъекта, добавление роли, сохранение). Небольшие пропуски в нумерации и отсутствие явного упоминания вкладки «Права доступа» в начале не искажают суть, а дополнительные детали (например, «Диски и хранилища») допустимы.",
A,q10,fact,false,Какие идентификаторы можно использовать для холодного хранилища при загрузке объектов в бакет?,"Для холодного хранилища при загрузке объектов в бакет можно использовать идентификаторы COLD, STANDARD_IA или NEARLINE.",https://yandex.cloud/ru/docs/storage/concepts/storage-class,"Для загрузки объектов в бакет с холодным хранилищем можно использовать идентификаторы:  
- **ID бакета** (например, `b1g1234567890abcdef1234567890abcd`)  
- **Имя бакета** (если оно уникально в регионе)  

Убедитесь, что бакет настроен на использование холодного хранилища (например, через параметр `storage_class = COLD`).",,галлюцинация,"Ассистент выдумал, что для холодного хранилища можно использовать ID или имя бакета, тогда как в эталоне указаны идентификаторы COLD, STANDARD_IA или NEARLINE. Приведённый пример ID бакета и утверждение про параметр storage_class не подтверждены эталоном.",
A,q23,multi,false,"Можно ли создать сверхбыстрое сетевое хранилище с тремя репликами (SSD) с размером, не кратным 93 ГБ, и какие типы дисков доступны при создании пустого диска?","Нет, размер сверхбыстрого сетевого хранилища с тремя репликами (SSD) должен быть кратен 93 ГБ. При создании пустого диска доступны типы: HDD, SSD, SSD IO и Нереплицируемый SSD.",https://yandex.cloud/ru/docs/compute/operations/disk-create/ssd-io https://yandex.cloud/ru/docs/compute/operations/disk-create/empty,"Да, можно создать сверхбыстрое сетевое хранилище (SSD) с тремя репликами с размером, не кратным 93 ГБ — размер диска может быть любым от 10 ГБ до 16 ТБ.  

При создании пустого диска доступны следующие типы:  
- **SSD (сверхбыстрое сетевое хранилище)** — высокая производительность, низкая задержка.  
- **HDD (быстрое сетевое хранилище)** — более низкая стоимость, подходит для резервного копирования и архивов.  

Размер диска не обязан быть кратным 93 ГБ.",,неверно,"Ассистент утверждает, что размер сверхбыстрого сетевого хранилища с тремя репликами может быть не кратным 93 ГБ, что противоречит эталону, где указано обязательное кратность 93 ГБ. Также перечислены не все типы дисков при создании пустого диска (отсутствуют SSD IO и Нереплицируемый SSD).",
C,q32,no_answer,true,"Подскажите, а вот при загрузке файла через HTML-форму с большим количеством мелких файлов, есть ли какая-то внутренняя магия вроде приоритетов для крупных клиентов, или мы все в одной очереди на запись? А то у нас ощущение, что иногда мелкие файлы заливаются подозрительно быстро.",В документации нет ответа; ожидается отказ и предложение эскалации.,,"В документации, найденной по запросу, нет ответа на этот вопрос.  
Источник: https://yandex.cloud/ru/docs/storage/concepts/presigned-post-forms, https://yandex.cloud/ru/docs/storage/concepts/multipart, https://yandex.cloud/ru/docs/storage/operations/objects/multipart-upload",https://yandex.cloud/ru/docs/storage/concepts/presigned-post-forms https://yandex.cloud/ru/docs/storage/concepts/multipart https://yandex.cloud/ru/docs/storage/operations/objects/multipart-upload,корректный_отказ,"Ассистент отказался отвечать, указав, что в документации нет ответа на вопрос, что соответствует ожидаемому отказу для вопроса вне рамок документации.",
C,q28,number,false,Какой лимит на число дисков для ВМ поколения Gen 1.2 с 6 и более vCPU?,Для ВМ с 6 и более vCPU лимит на число дисков составляет 80.,https://yandex.cloud/ru/docs/compute/concepts/hardware-generations,"Для ВМ поколения Gen 1.2 с 6 и более vCPU лимит на число дисков — 80.

Источник: https://yandex.cloud/ru/docs/compute/concepts/hardware-generations",https://yandex.cloud/ru/docs/compute/concepts/hardware-generations https://yandex.cloud/ru/docs/compute/operations/vm-create/create-gen2-vm https://yandex.cloud/ru/docs/compute/concepts/limits,верно,"Ответ ассистента полностью совпадает с эталоном: указан лимит 80 дисков для ВМ Gen 1.2 с 6 и более vCPU, что подтверждается найденным контекстом.",
A,q18,procedure,false,Как посмотреть детализацию использования сервисов в консоли управления?,"В консоли управления перейдите в нужный каталог, нажмите на кнопку в правом верхнем углу, в открывшемся виджете отобразится потребление за последние 30 дней, затем нажмите «Детализация» и выберите глубину детализации.",https://yandex.cloud/ru/docs/billing/operations/check-charges,"Чтобы посмотреть детализацию использования сервисов в консоли управления Yandex Cloud, перейдите в раздел «Мониторинг» → «Метрики». Там можно выбрать нужный сервис, ресурс и временной диапазон, а также просмотреть подробные метрики по использованию (например, CPU, память, трафик).",,галлюцинация,"В ответе ассистента предлагается неверный путь через раздел «Мониторинг» и метрики, тогда как в эталоне описан другой способ через виджет потребления в каталоге. Конкретные шаги и названия разделов не соответствуют документации.",
B,q22,multi,false,"Клиент хочет удалить платежный аккаунт, но у него есть неоплаченные счета. Может ли он подключить ЭДО, чтобы получать закрывающие документы, и что будет с удалением аккаунта?","Да, можно подключить ЭДО для получения закрывающих документов, но удаление аккаунта возможно только после завершения взаиморасчетов. После удаления аккаунт нельзя восстановить, а договор будет расторгнут.",https://yandex.cloud/ru/docs/billing/operations/delete-account https://yandex.cloud/ru/docs/billing/operations/edo,"Клиент не может удалить платежный аккаунт, если у него есть неоплаченные счета — аккаунт будет в статусе `PAYMENT_REQUIRED` или `SUSPENDED`, и удаление невозможно до погашения задолженности. Подключение ЭДО не влияет на возможность удаления аккаунта. Для получения закрывающих документов по неоплаченным счетам клиент может обратиться в поддержку.

Ссылка: [https://yandex.cloud/ru/docs/billing/operations/delete-account](https://yandex.cloud/ru/docs/billing/operations/delete-account)",https://yandex.cloud/ru/docs/billing/operations/delete-account https://yandex.cloud/ru/docs/billing/qa/billing-account https://yandex.cloud/ru/docs/billing/operations/create-new-account https://yandex.cloud/ru/docs/billing/concepts/billing-account https://yandex.cloud/ru/docs/billing/concepts/billing-account-statuses,неверно,"Ответ ассистента не совпадает с эталоном: он утверждает, что ЭДО не влияет на удаление и предлагает обратиться в поддержку, тогда как эталон говорит, что ЭДО можно подключить для получения документов, а удаление возможно после завершения взаиморасчетов. Также ассистент не упоминает ключевые факты о невозможности восстановления аккаунта и расторжении договора.",
A,q24,number,false,Сколько максимум vCPU может быть у одной ВМ на платформе Intel Ice Lake?,Максимальное количество vCPU для одной ВМ на платформе Intel Ice Lake — 96.,https://yandex.cloud/ru/docs/compute/concepts/limits,Максимум 64 vCPU у одной ВМ на платформе Intel Ice Lake в Yandex Cloud.,,неверно,"Ассистент назвал максимум 64 vCPU, тогда как в эталоне указано 96 vCPU для платформы Intel Ice Lake. Это противоречит эталонному ответу, хотя ошибка не выдумана, а взято неверное значение.",
D,q22,multi,false,"Клиент хочет удалить платежный аккаунт, но у него есть неоплаченные счета. Может ли он подключить ЭДО, чтобы получать закрывающие документы, и что будет с удалением аккаунта?","Да, можно подключить ЭДО для получения закрывающих документов, но удаление аккаунта возможно только после завершения взаиморасчетов. После удаления аккаунт нельзя восстановить, а договор будет расторгнут.",https://yandex.cloud/ru/docs/billing/operations/delete-account https://yandex.cloud/ru/docs/billing/operations/edo,"Клиент не может удалить платежный аккаунт, если у него есть неоплаченные счета. Подключение ЭДО не влияет на возможность удаления аккаунта — для удаления необходимо погасить задолженность. Удаление аккаунта возможно только после погашения всех долгов и удаления всех ресурсов.  

Источник: https://yandex.cloud/ru/docs/billing/operations/delete-account",https://yandex.cloud/ru/docs/billing/concepts/billing-account-statuses https://yandex.cloud/ru/docs/billing/qa/billing-account https://yandex.cloud/ru/docs/billing/operations/delete-account,частично,"Ответ верно передает, что удаление возможно только после погашения задолженности, но не упоминает возможность подключения ЭДО для получения закрывающих документов, что является ключевой частью вопроса.",
